Species,Location,Latitude,Longitude,Observation Date
Trumpeter Swan,Juanita Bay Park,47.6981686,-122.2101878,2024-12-21 15:07:00
Wood Duck,Juanita Bay Park,47.6981686,-122.2101878,2024-12-21 15:07:00
Mallard,Juanita Bay Park,47.6981686,-122.2101878,2024-12-21 15:07:00
Green-winged Teal,Juanita Bay Park,47.6981686,-122.2101878,2024-12-21 15:07:00
Ring-necked Duck,Juanita Bay Park,47.6981686,-122.2101878,2024-12-21 15:07:00
Bufflehead,Juanita Bay Park,47.6981686,-122.2101878,2024-12-21 15:07:00
Anna's Hummingbird,Juanita Bay Park,47.6981686,-122.2101878,2024-12-21 15:07:00
American Coot,Juanita Bay Park,47.6981686,-122.2101878,2024-12-21 15:07:00
Killdeer,Juanita Bay Park,47.6981686,-122.2101878,2024-12-21 15:07:00
Wilson's Snipe,Juanita Bay Park,47.6981686,-122.2101878,2024-12-21 15:07:00
Double-crested Cormorant,Juanita Bay Park,47.6981686,-122.2101878,2024-12-21 15:07:00
Great Blue Heron,Juanita Bay Park,47.6981686,-122.2101878,2024-12-21 15:07:00
Bald Eagle,Juanita Bay Park,47.6981686,-122.2101878,2024-12-21 15:07:00
Downy Woodpecker,Juanita Bay Park,47.6981686,-122.2101878,2024-12-21 15:07:00
Black-capped Chickadee,Juanita Bay Park,47.6981686,-122.2101878,2024-12-21 15:07:00
Chestnut-backed Chickadee,Juanita Bay Park,47.6981686,-122.2101878,2024-12-21 15:07:00
Golden-crowned Kinglet,Juanita Bay Park,47.6981686,-122.2101878,2024-12-21 15:07:00
Pacific Wren,Juanita Bay Park,47.6981686,-122.2101878,2024-12-21 15:07:00
American Robin,Juanita Bay Park,47.6981686,-122.2101878,2024-12-21 15:07:00
Dark-eyed Junco,Juanita Bay Park,47.6981686,-122.2101878,2024-12-21 15:07:00
White-throated Sparrow,Juanita Bay Park,47.6981686,-122.2101878,2024-12-21 15:07:00
Song Sparrow,Juanita Bay Park,47.6981686,-122.2101878,2024-12-21 15:07:00
Spotted Towhee,Juanita Bay Park,47.6981686,-122.2101878,2024-12-21 15:07:00
Red-winged Blackbird,Juanita Bay Park,47.6981686,-122.2101878,2024-12-21 15:07:00
Gadwall,Juanita Bay Park,47.6981686,-122.2101878,2024-12-20 16:09:00
Pied-billed Grebe,Juanita Bay Park,47.6981686,-122.2101878,2024-12-20 16:09:00
American Crow,Juanita Bay Park,47.6981686,-122.2101878,2024-12-20 16:09:00
Brown Creeper,Juanita Bay Park,47.6981686,-122.2101878,2024-12-20 16:09:00
American Wigeon,Juanita Bay Park,47.6981686,-122.2101878,2024-12-20 11:54:00
Common Merganser,Juanita Bay Park,47.6981686,-122.2101878,2024-12-20 11:54:00
Pileated Woodpecker,Juanita Bay Park,47.6981686,-122.2101878,2024-12-20 11:54:00
Ruby-crowned Kinglet,Juanita Bay Park,47.6981686,-122.2101878,2024-12-20 11:54:00
Pine Siskin,Juanita Bay Park,47.6981686,-122.2101878,2024-12-20 11:54:00
American Goldfinch,Juanita Bay Park,47.6981686,-122.2101878,2024-12-20 11:54:00
Canada Goose,Juanita Bay Park,47.6981686,-122.2101878,2024-12-20 09:10:00
Short-billed Gull,Juanita Bay Park,47.6981686,-122.2101878,2024-12-20 09:10:00
Red-tailed Hawk,Juanita Bay Park,47.6981686,-122.2101878,2024-12-20 09:10:00
Golden-crowned Sparrow,Juanita Bay Park,47.6981686,-122.2101878,2024-12-20 09:10:00
Northern Flicker,Juanita Bay Park,47.6981686,-122.2101878,2024-12-20 08:24:00
Greater Scaup,Juanita Bay Park,47.6981686,-122.2101878,2024-12-19 09:30:00
Belted Kingfisher,Juanita Bay Park,47.6981686,-122.2101878,2024-12-19 09:30:00
Virginia Rail,Juanita Bay Park,47.6981686,-122.2101878,2024-12-19 08:48:00
Glaucous-winged Gull,Juanita Bay Park,47.6981686,-122.2101878,2024-12-19 08:48:00
Sharp-shinned Hawk,Juanita Bay Park,47.6981686,-122.2101878,2024-12-19 08:48:00
Steller's Jay,Juanita Bay Park,47.6981686,-122.2101878,2024-12-19 08:48:00
Marsh Wren,Juanita Bay Park,47.6981686,-122.2101878,2024-12-19 08:48:00
Bewick's Wren,Juanita Bay Park,47.6981686,-122.2101878,2024-12-19 08:48:00
House Finch,Juanita Bay Park,47.6981686,-122.2101878,2024-12-19 08:48:00
Common Goldeneye,Juanita Bay Park,47.6981686,-122.2101878,2024-12-18 08:32:00
Ring-billed Gull,Juanita Bay Park,47.6981686,-122.2101878,2024-12-18 08:32:00
Red-breasted Nuthatch,Juanita Bay Park,47.6981686,-122.2101878,2024-12-18 08:32:00
Lincoln's Sparrow,Juanita Bay Park,47.6981686,-122.2101878,2024-12-18 08:32:00
Hooded Merganser,Juanita Bay Park,47.6981686,-122.2101878,2024-12-17 09:09:00
Bushtit,Juanita Bay Park,47.6981686,-122.2101878,2024-12-17 09:09:00
Purple Finch,Juanita Bay Park,47.6981686,-122.2101878,2024-12-16 14:09:00
Horned Grebe,Juanita Bay Park,47.6981686,-122.2101878,2024-12-15 12:29:00
Lesser Scaup,Juanita Bay Park,47.6981686,-122.2101878,2024-12-15 08:40:00
Common Raven,Juanita Bay Park,47.6981686,-122.2101878,2024-12-15 08:40:00
Cackling Goose,Juanita Bay Park,47.6981686,-122.2101878,2024-12-15 08:00:00
European Starling,Juanita Bay Park,47.6981686,-122.2101878,2024-12-13 08:57:00
Fox Sparrow,Juanita Bay Park,47.6981686,-122.2101878,2024-12-13 08:57:00
Western x Glaucous-winged Gull (hybrid),Juanita Bay Park,47.6981686,-122.2101878,2024-12-12 12:44:00
Yellow-rumped Warbler,Juanita Bay Park,47.6981686,-122.2101878,2024-12-11 09:07:00
Cedar Waxwing,Juanita Bay Park,47.6981686,-122.2101878,2024-12-10 14:48:00
House Sparrow,Juanita Bay Park,47.6981686,-122.2101878,2024-12-10 14:48:00
White-crowned Sparrow,Juanita Bay Park,47.6981686,-122.2101878,2024-12-10 14:48:00
Hairy Woodpecker,Juanita Bay Park,47.6981686,-122.2101878,2024-12-10 10:02:00
Western Grebe,Juanita Bay Park,47.6981686,-122.2101878,2024-12-10 09:17:00
Varied Thrush,Juanita Bay Park,47.6981686,-122.2101878,2024-12-10 08:17:00
Ruddy Duck,Juanita Bay Park,47.6981686,-122.2101878,2024-12-10 07:55:00
Hutton's Vireo,Juanita Bay Park,47.6981686,-122.2101878,2024-12-10 07:55:00
Northern Shoveler,Juanita Bay Park,47.6981686,-122.2101878,2024-12-09 15:12:00
Western Gull,Juanita Bay Park,47.6981686,-122.2101878,2024-12-09 15:12:00
California Gull,Juanita Bay Park,47.6981686,-122.2101878,2024-12-09 15:12:00
Bucephala albeola,"Market, Kirkland, WA 98033, USA",47.7008093069,-122.2109062225,2024-12-15
Mergus merganser,"Kirkland, WA, USA",47.6984280575,-122.2122550383,2024-12-15
Anas crecca,"Market, Kirkland, WA 98033, USA",47.7012901468,-122.2103540227,2024-12-15
Certhia americana,"Juanita Bay Park, 2201 Market St, Kirkland, WA 98033, USA",47.6986138,-122.2110985,2024-11-11
Aix sponsa,"Juanita Bay Park, 2201 Market St, Kirkland, WA 98033, USA",47.6986138,-122.2110985,2024-11-11
Aythya collaris,"Juanita Bay Park, 2201 Market St, Kirkland, WA 98033, USA",47.6986138,-122.2110985,2024-11-11
Anas crecca,"Juanita Bay Park, 2201 Market St, Kirkland, WA 98033, USA",47.6986138,-122.2110985,2024-11-11
Gallinago delicata,"South Juanita, Kirkland, WA, USA",47.7023219858,-122.2110262513,2023-01-02
Spatula clypeata,"Market, Kirkland, WA 98033, USA",47.7010486263,-122.2108307209,2024-11-28
Mergus merganser,"Kirkland, WA, USA",47.6990311897,-122.2128262844,2024-11-28
Cygnus buccinator,"Kirkland, WA, USA",47.6988108111,-122.2115488496,2024-11-28
Aythya affinis,"Kirkland, WA, USA",47.6985437851,-122.2127404537,2024-11-30
Rallus limicola,"Market, Kirkland, WA 98033, USA",47.6985878372,-122.2104406363,2024-11-30
Astur cooperii,"Market, Kirkland, WA 98033, USA",47.6973719078,-122.2107486022,2024-11-30
Larus delawarensis,"Juanita Beach Park, Kirkland, WA, USA",47.7043070443,-122.217847559,2024-11-06
Larus glaucescens × occidentalis,"Juanita Beach Park, Kirkland, WA, USA",47.7043070443,-122.217847559,2024-11-06
Larus glaucescens,"Juanita Beach Park, Kirkland, WA, USA",47.7041855232,-122.2155019344,2024-11-06
Cygnus olor,"South Juanita, Kirkland, WA, USA",47.704620253,-122.2147696093,2024-11-06
Aix sponsa,"Juanita Bay, Kirkland, WA, US",47.6982015331,-122.2135560794,2024-11-09
Ardea herodias,"PQ3M+4F, Kirkland, WA 98034, USA",47.70275574,-122.21470066,2024-11-06
Gallinago delicata,"Market, Kirkland, WA 98033, USA",47.701585433,-122.2105279315,2024-10-21
Aix sponsa,"Kirkland, WA, USA",47.6982778649,-122.2123364678,2024-09-29
Haliaeetus leucocephalus,"Kirkland, WA, USA",47.6981424818,-122.2124530076,2024-09-29
Aix sponsa,"Market, Kirkland, WA 98033, USA",47.7014117,-122.2103888,2024-11-01
Strix varia,"Juanita Bay Park, 2201 Market St, Kirkland, WA 98033, USA",47.6986138,-122.2110985,2024-10-26
Aix sponsa,"Juanita Bay Park, 2201 Market St, Kirkland, WA 98033, USA",47.6986138,-122.2110985,2024-10-26
Dryobates pubescens,"Juanita Bay Park, 2201 Market St, Kirkland, WA 98033, USA",47.6986138,-122.2110985,2024-10-26
Gallinago delicata,"Juanita Bay Park, 2201 Market St, Kirkland, WA 98033, USA",47.6986138,-122.2110985,2024-10-26
Aix sponsa,"Kirkland, WA, USA",47.6984350019,-122.2125133458,2024-10-02
Fulica americana,"Kirkland, WA, USA",47.6983339098,-122.2123309556,2024-10-02
Ardea herodias,"Kirkland, WA, USA",47.6979291326,-122.2130209486,2024-10-02
Anas platyrhynchos,"Kirkland, WA, USA",47.6981890853,-122.2126420918,2024-10-02
Spatula clypeata,"Kirkland, WA, USA",47.69825326,-122.21240537,2024-10-02
Colaptes auratus,"Market, Kirkland, WA 98033, USA",47.6958841982,-122.2107750521,2024-10-02
Junco hyemalis,Juanita Bay Park,47.6995614325,-122.213996116,2024-10-21
Zonotrichia atricapilla,Juanita Bay Park,47.6995614325,-122.213996116,2024-10-21
Fulica americana,Juanita Bay Park,47.6995614325,-122.213996116,2024-10-21
Aix sponsa,Juanita Bay Park,47.6995614325,-122.213996116,2024-10-21
Thryomanes bewickii,Juanita Bay Park,47.6995614325,-122.213996116,2024-10-21
Ardea herodias,Juanita Bay Park,47.6995614325,-122.213996116,2024-10-21
Mareca americana,Juanita Bay Park,47.6995614325,-122.213996116,2024-10-21
Spatula clypeata,Juanita Bay Park,47.6995614325,-122.213996116,2024-10-21
Dryobates pubescens,Juanita Bay Park,47.6995614325,-122.213996116,2024-10-21
Podilymbus podiceps,Juanita Bay Park,47.6995614325,-122.213996116,2024-10-21
Corthylio calendula,Juanita Bay Park,47.6995614325,-122.213996116,2024-10-21
Charadrius vociferus,Juanita Bay Park,47.6995614325,-122.213996116,2024-10-21
Corvus brachyrhynchos,Juanita Bay Park,47.6995614325,-122.213996116,2024-10-21
Colaptes auratus,Juanita Bay Park,47.6995614325,-122.213996116,2024-10-21
Psaltriparus minimus,Juanita Bay Park,47.6995614325,-122.213996116,2024-10-21
Regulus satrapa,Juanita Bay Park,47.6995614325,-122.213996116,2024-10-21
Nannopterum auritum,Juanita Bay Park,47.6995614325,-122.213996116,2024-10-21
Pipilo maculatus,Juanita Bay Park,47.6995614325,-122.213996116,2024-10-21
Melospiza melodia,Juanita Bay Park,47.6995614325,-122.213996116,2024-10-21
Aix sponsa,"Juanita Bay, Kirkland, WA, US",47.7010383333,-122.2103716667,2024-10-20
Charadrius vociferus,"98th Ave NE, Kirkland, WA, US",47.7014883333,-122.2103716667,2024-10-20
Aix sponsa,"Market, Kirkland, WA 98033, USA",47.7008972222,-122.2101833333,2024-10-13
Aix sponsa,"Market, Kirkland, WA 98033, USA",47.6986137687,-122.211098671,2024-08-24
Charadrius vociferus,"Market, Kirkland, WA 98033, USA",47.7015797997,-122.2103819997,2024-09-23
Contopus sordidulus,"Market, Kirkland, WA, US",47.6977121857,-122.2121094133,2024-09-13
Psaltriparus minimus,"Market, Kirkland, WA, US",47.6971036152,-122.2124907347,2024-08-25
Patagioenas fasciata,"Market, Kirkland, WA, US",47.6987785863,-122.2102054641,2024-09-08
Regulus satrapa,"Juanita Bay, Kirkland, WA, US",47.6982729544,-122.212094813,2024-09-06
Aix sponsa,"Lake Washington, Kirkland, WA, US",47.6981348378,-122.2137984867,2024-09-11
Ardea herodias,"Market, Kirkland, WA, US",47.6973586985,-122.2134828329,2024-09-11
Dryobates pubescens,"Market, Kirkland, WA, US",47.6977346906,-122.2121460059,2024-09-11
Certhia americana,"Market, Kirkland, WA 98033, USA",47.6966289589,-122.2136165285,2024-08-25
Columba livia domestica,"South Juanita, Kirkland, WA, USA",47.7057253273,-122.2118121421,2024-08-25
Butorides virescens,"Market, Kirkland, WA 98033, USA",47.7006473777,-122.2107875836,2024-08-25
Melospiza melodia,"Kirkland, WA, USA",47.6978223446,-122.2140522095,2024-08-25
Rallus limicola,"Inglewood-Finn Hill, Kirkland, WA 98034, USA",47.7043123,-122.219909,2024-08-25
Thryomanes bewickii,"Market, Kirkland, WA 98033, USA",47.6971583333,-122.2137194444,2024-08-21
Aix sponsa,"Market, Kirkland, WA 98033, USA",47.6980755,-122.2136536997,2024-08-21
Ardea herodias,"Market, Kirkland, WA 98033, USA",47.7004906,-122.2103536997,2024-08-21
Fulica americana,"Market, Kirkland, WA 98033, USA",47.7014429997,-122.2103938997,2024-08-21
Butorides virescens,"Market, Kirkland, WA 98033, USA",47.6985541997,-122.2103062,2024-08-21
Accipiter striatus,"Kirkland, WA, USA",47.6985256703,-122.2125804747,2024-08-17
Fulica americana,"Kirkland, WA, USA",47.6985256703,-122.2125804747,2024-08-17
Butorides virescens,"Juanita Bay Park, 2201 Market St, Kirkland, WA 98033, USA",47.6986138,-122.2110985,2024-08-05
Aix sponsa,"Market, Kirkland, WA, US",47.6980883333,-122.2136383333,2024-08-15
Melospiza melodia,"Rose Point Ln, Kirkland, WA, US",47.697395,-122.213905,2024-08-15
Corvus brachyrhynchos,"Market, Kirkland, WA, US",47.6965666667,-122.2132333333,2024-08-15
Dryobates pubescens,"Market, Kirkland, WA, US",47.6965916918,-122.213221271,2024-08-15
Poecile atricapillus,"20th Pl W, Kirkland, WA, US",47.6964652073,-122.2131743656,2024-08-15
Anas platyrhynchos,"Juanita Bay, Kirkland, WA, US",47.6981,-122.2122033333,2024-08-15
Ardea herodias,"Juanita Bay, Kirkland, WA, US",47.6981283333,-122.2121283333,2024-08-15
Lophodytes cucullatus,"Juanita Bay, Kirkland, WA, US",47.6980866667,-122.2122033333,2024-08-15
Empidonax traillii,"Market, Kirkland, WA, US",47.6974366667,-122.2118383333,2024-08-15
Pandion haliaetus,"Juanita Bay, Kirkland, WA, US",47.6982383333,-122.21212,2024-08-15
Colaptes auratus,"Market, Kirkland, WA, US",47.6978333333,-122.2120883333,2024-08-15
Rallus limicola,"Juanita Bay, Kirkland, WA, US",47.6981132571,-122.2121771706,2024-08-15
Thryomanes bewickii,"Park Access Rd, Kirkland, WA, US",47.6955683694,-122.21073918,2024-08-15
Lophodytes cucullatus,"Juanita Beach Park, Kirkland, WA, US",47.7038721518,-122.214143573,2024-08-13
Ardea herodias,"Juanita Bay, Kirkland, WA, US",47.6980583333,-122.21222,2024-08-11
Fulica americana,"Juanita Bay, Kirkland, WA, US",47.69812,-122.2122416667,2024-08-11
Podilymbus podiceps,"Juanita Bay, Kirkland, WA, US",47.70043,-122.21035,2024-08-11
Megaceryle alcyon,"Juanita Bay, Kirkland, WA, US",47.6980833333,-122.2122033333,2024-08-11
Poecile atricapillus,"Market, Kirkland, WA 98033, USA",47.6974463,-122.2119423997,2024-08-07
Ardea herodias,"Market, Kirkland, WA 98033, USA",47.7005192,-122.2102996997,2024-08-07
Aix sponsa,"Kirkland, WA, USA",47.6982163997,-122.2137847,2024-08-07
Pandion haliaetus,"Juanita Bay Park, 2201 Market St, Kirkland, WA 98033, USA",47.6986138,-122.2110985,2024-08-05
Aix sponsa,"South Juanita, Kirkland, WA, US",47.6999364495,-122.2103791434,2024-08-01
Ardea herodias,Juanita Bay Park,47.6995614325,-122.213996116,2024-07-21
Pandion haliaetus,Juanita Bay Park,47.6995614325,-122.213996116,2024-07-21
Mareca strepera,Juanita Bay Park,47.6995614325,-122.213996116,2024-07-21
Fulica americana,Juanita Bay Park,47.6995614325,-122.213996116,2024-07-21
Poecile rufescens,Juanita Bay Park,47.6995614325,-122.213996116,2024-07-21
Podilymbus podiceps,Juanita Bay Park,47.6995614325,-122.213996116,2024-07-21
Haliaeetus leucocephalus,Juanita Bay Park,47.6995614325,-122.213996116,2024-07-21
Aix sponsa,Juanita Bay Park,47.6995614325,-122.213996116,2024-07-21
Anas platyrhynchos,Juanita Bay Park,47.6995614325,-122.213996116,2024-07-21
Branta canadensis,Juanita Bay Park,47.6995614325,-122.213996116,2024-07-21
Fulica americana,"Juanita Bay Park, 2201 Market St, Kirkland, WA 98033, USA",47.6986138,-122.2110985,2024-07-17
Aix sponsa,"Juanita Bay Park, 2201 Market St, Kirkland, WA 98033, USA",47.6986138,-122.2110985,2024-07-17
Mareca strepera,"Juanita Bay Park, 2201 Market St, Kirkland, WA 98033, USA",47.6986138,-122.2110985,2024-07-17
Turdus migratorius,"Juanita Bay Park, 2201 Market St, Kirkland, WA 98033, USA",47.6986138,-122.2110985,2024-07-17
Haemorhous mexicanus,"Juanita Bay Park, 2201 Market St, Kirkland, WA 98033, USA",47.6986138,-122.2110985,2024-07-17
Agelaius phoeniceus,"Juanita Bay Park, 2201 Market St, Kirkland, WA 98033, USA",47.6986138,-122.2110985,2024-07-17
Astur cooperii,"Juanita Bay Park, 2201 Market St, Kirkland, WA 98033, USA",47.6986138,-122.2110985,2024-07-17
Calypte anna,"Juanita Bay Park, 2201 Market St, Kirkland, WA 98033, USA",47.6986138,-122.2110985,2024-07-17
Haliaeetus leucocephalus,"Juanita Bay Park, 2201 Market St, Kirkland, WA 98033, USA",47.6986138,-122.2110985,2024-07-17
Ardea herodias,"Juanita Bay Park, 2201 Market St, Kirkland, WA 98033, USA",47.6986138,-122.2110985,2024-07-17
Anas platyrhynchos,"Juanita Bay Park, 2201 Market St, Kirkland, WA 98033, USA",47.6986138,-122.2110985,2024-07-17
Branta canadensis,"Juanita Bay Park, 2201 Market St, Kirkland, WA 98033, USA",47.6986138,-122.2110985,2024-07-17
Colaptes auratus,"Juanita Bay Park, 2201 Market St, Kirkland, WA 98033, USA",47.6986138,-122.2110985,2024-07-16
Ardea herodias,"Juanita Beach Park, Kirkland, WA, US",47.704455,-122.216705,2024-07-16
Pandion haliaetus,"Juanita Bay Park, 2201 Market St, Kirkland, WA 98033, USA",47.6986138,-122.2110985,2024-07-15
Ardea herodias,"Juanita Bay Park, 2201 Market St, Kirkland, WA 98033, USA",47.6986138,-122.2110985,2024-07-15
Passer domesticus,"Juanita Bay Park, 2201 Market St, Kirkland, WA 98033, USA",47.6986138,-122.2110985,2024-07-05
Pandion haliaetus,"Juanita Bay Park, 2201 Market St, Kirkland, WA 98033, USA",47.6986138,-122.2110985,2024-07-05
Ardea herodias,"Juanita Bay Park, 2201 Market St, Kirkland, WA 98033, USA",47.6986138,-122.2110985,2024-07-05
Haemorhous mexicanus,"Juanita Bay Park, 2201 Market St, Kirkland, WA 98033, USA",47.6986138,-122.2110985,2024-07-05
Molothrus ater,"Juanita Bay Park, 2201 Market St, Kirkland, WA 98033, USA",47.6986138,-122.2110985,2024-07-05
Cistothorus palustris,"Juanita Bay Park, 2201 Market St, Kirkland, WA 98033, USA",47.6986138,-122.2110985,2024-07-05
Sphyrapicus ruber,"Juanita Bay Park, 2201 Market St, Kirkland, WA 98033, USA",47.6986138,-122.2110985,2024-07-05
Agelaius phoeniceus,"Juanita Bay Park, 2201 Market St, Kirkland, WA 98033, USA",47.6986138,-122.2110985,2024-07-05
Turdus migratorius,"Juanita Bay Park, 2201 Market St, Kirkland, WA 98033, USA",47.6986138,-122.2110985,2024-07-05
Junco hyemalis,"Juanita Bay Park, 2201 Market St, Kirkland, WA 98033, USA",47.6986138,-122.2110985,2024-07-05
Bombycilla cedrorum,"Juanita Bay Park, 2201 Market St, Kirkland, WA 98033, USA",47.6986138,-122.2110985,2024-07-05
Pandion haliaetus,"Juanita Bay Park, 2201 Market St, Kirkland, WA 98033, USA",47.6986138,-122.2110985,2024-07-10
Mareca strepera,"Juanita Bay Park, 2201 Market St, Kirkland, WA 98033, USA",47.6986138,-122.2110985,2024-07-10
Sphyrapicus ruber,"Juanita Bay Park, 2201 Market St, Kirkland, WA 98033, USA",47.6986138,-122.2110985,2024-07-10
Psaltriparus minimus,"Juanita Bay Park, 2201 Market St, Kirkland, WA 98033, USA",47.6986138,-122.2110985,2024-07-10
Molothrus ater,"Juanita Bay Park, 2201 Market St, Kirkland, WA 98033, USA",47.6986138,-122.2110985,2024-07-10
Cistothorus palustris,"Juanita Bay Park, 2201 Market St, Kirkland, WA 98033, USA",47.6986138,-122.2110985,2024-07-10
Colaptes auratus,"Juanita Bay Park, 2201 Market St, Kirkland, WA 98033, USA",47.6986138,-122.2110985,2024-07-10
Melospiza melodia,"Juanita Bay Park, 2201 Market St, Kirkland, WA 98033, USA",47.6986138,-122.2110985,2024-07-10
Agelaius phoeniceus,"Juanita Bay Park, 2201 Market St, Kirkland, WA 98033, USA",47.6986138,-122.2110985,2024-07-10
Junco hyemalis,"Juanita Bay Park, 2201 Market St, Kirkland, WA 98033, USA",47.6986138,-122.2110985,2024-07-10
Haemorhous mexicanus,"Juanita Bay Park, 2201 Market St, Kirkland, WA 98033, USA",47.6986138,-122.2110985,2024-07-10
Turdus migratorius,"Juanita Bay Park, 2201 Market St, Kirkland, WA 98033, USA",47.6986138,-122.2110985,2024-07-10
Ardea herodias,"Juanita Bay Park, 2201 Market St, Kirkland, WA 98033, USA",47.6986138,-122.2110985,2024-07-10
Agelaius phoeniceus,"Kirkland, WA, USA",47.6981122385,-122.2121757634,2024-07-07
Pandion haliaetus,"Kirkland, WA, USA",47.6984026567,-122.2123866425,2024-07-02
Anas platyrhynchos,"Kirkland, WA, USA",47.6981654919,-122.2121256654,2024-07-02
Aix sponsa,"Kirkland, WA, USA",47.6981627654,-122.2121198699,2024-07-02
Cistothorus palustris,"Market, Kirkland, WA 98033, USA",47.6980770172,-122.2120239809,2024-07-02
Anas platyrhynchos,"PQ3M+4F, Kirkland, WA 98034, USA",47.703656374,-122.2166766599,2024-07-04
Spizella passerina,"Juanita Bay, Kirkland, WA, US",47.6995191468,-122.2119283213,2024-07-03
Calypte anna,"Juanita Beach Park, 9703 NE Juanita Dr, Kirkland, WA 98034, USA",47.7046205,-122.2147696,2024-06-30
Pandion haliaetus,"Juanita Beach Park, 9703 NE Juanita Dr, Kirkland, WA 98034, USA",47.7046205,-122.2147696,2024-06-30
Anas platyrhynchos,"Juanita Beach Park, 9703 NE Juanita Dr, Kirkland, WA 98034, USA",47.7046205,-122.2147696,2024-06-30
Larus glaucescens,"Juanita Beach Park, 9703 NE Juanita Dr, Kirkland, WA 98034, USA",47.7046205,-122.2147696,2024-06-30
Zonotrichia leucophrys,"Juanita Beach Park, 9703 NE Juanita Dr, Kirkland, WA 98034, USA",47.7046205,-122.2147696,2024-06-30
Haliaeetus leucocephalus,"98th Ave NE, Kirkland, WA, US",47.7022782863,-122.210581248,2024-06-30
Aix sponsa,"Market, Kirkland, WA, US",47.6985711946,-122.2107113684,2024-06-30
Ardea herodias,"King County, US-WA, US",47.7033352638,-122.2142003543,2024-06-30
Mergus merganser,"King County, US-WA, US",47.7037043542,-122.2167294122,2024-06-30
Pandion haliaetus,"South Juanita, Kirkland, WA, USA",47.7038824352,-122.2156537704,2024-06-24
Anas platyrhynchos,"Kirkland, WA, USA",47.7035773,-122.21659499,2024-06-22
Aix sponsa,"Juanita Bay, Kirkland, WA, US",47.6981432538,-122.2121589339,2024-06-22
Turdus migratorius,"Juanita Bay Park, 2201 Market St, Kirkland, WA 98033, USA",47.6986138,-122.2110985,2024-06-15
Selasphorus rufus,"Juanita Bay Park, 2201 Market St, Kirkland, WA 98033, USA",47.6986138,-122.2110985,2024-06-15
Pipilo maculatus,"Juanita Bay Park, 2201 Market St, Kirkland, WA 98033, USA",47.6986138,-122.2110985,2024-06-15
Thryomanes bewickii,"Juanita Bay Park, 2201 Market St, Kirkland, WA 98033, USA",47.6986138,-122.2110985,2024-06-15
Geothlypis trichas,"Juanita Bay Park, 2201 Market St, Kirkland, WA 98033, USA",47.6986138,-122.2110985,2024-06-15
Haemorhous purpureus,"Juanita Bay Park, 2201 Market St, Kirkland, WA 98033, USA",47.6986138,-122.2110985,2024-06-15
Sphyrapicus ruber,"Juanita Bay Park, 2201 Market St, Kirkland, WA 98033, USA",47.6986138,-122.2110985,2024-06-15
Bombycilla cedrorum,"Juanita Bay Park, 2201 Market St, Kirkland, WA 98033, USA",47.6986138,-122.2110985,2024-06-15
Empidonax traillii,"Juanita Bay Park, 2201 Market St, Kirkland, WA 98033, USA",47.6986138,-122.2110985,2024-06-15
Aix sponsa,"Juanita Bay Park, 2201 Market St, Kirkland, WA 98033, USA",47.6986138,-122.2110985,2024-06-15
Haliaeetus leucocephalus,"Juanita Bay Park, 2201 Market St, Kirkland, WA 98033, USA",47.6986138,-122.2110985,2024-06-15
Fulica americana,"Juanita Bay Park, 2201 Market St, Kirkland, WA 98033, USA",47.6986138,-122.2110985,2024-06-15
Anas platyrhynchos,"Juanita Bay Park, 2201 Market St, Kirkland, WA 98033, USA",47.6986138,-122.2110985,2024-06-15
Mareca strepera,"Juanita Bay Park, 2201 Market St, Kirkland, WA 98033, USA",47.6986138,-122.2110985,2024-06-15
Dryobates pubescens,"Juanita Bay Park, 2201 Market St, Kirkland, WA 98033, USA",47.6986138,-122.2110985,2024-06-15
Spinus pinus,"Juanita Bay Park, 2201 Market St, Kirkland, WA 98033, USA",47.6986138,-122.2110985,2024-06-15
Agelaius phoeniceus,"Juanita Bay Park, 2201 Market St, Kirkland, WA 98033, USA",47.6986138,-122.2110985,2024-06-15
Colaptes auratus,"Juanita Bay Park, 2201 Market St, Kirkland, WA 98033, USA",47.6986138,-122.2110985,2024-06-15
Zonotrichia leucophrys,"Juanita Bay Park, 2201 Market St, Kirkland, WA 98033, USA",47.6986138,-122.2110985,2024-06-15
Aix sponsa,"Kirkland, WA, USA",47.6982223795,-122.2121868472,2024-06-14
Haliaeetus leucocephalus,"Kirkland, WA, USA",47.6982584839,-122.2122985262,2024-06-14
Ardea herodias,"Kirkland, WA, USA",47.6985834226,-122.2115796942,2024-06-14
Agelaius phoeniceus,"Kirkland, WA, USA",47.6980765621,-122.2121606977,2024-06-14
Psaltriparus minimus,"Market, Kirkland, WA 98033, USA",47.6968135048,-122.2120088476,2024-06-14
Bombycilla cedrorum,"Market, Kirkland, WA 98033, USA",47.6969651473,-122.21198739,2024-06-14
Poecile atricapillus,"King County, US-WA, US",47.6960008885,-122.2113835988,2024-06-14
Poecile atricapillus,"Market, Kirkland, WA 98033, USA",47.7007959429,-122.2103326806,2024-06-12
Anas platyrhynchos,"South Juanita, Kirkland, WA, USA",47.7037901391,-122.2167015336,2024-06-12
Ardea herodias,"Kirkland, WA, USA",47.6978984098,-122.2125741232,2024-06-12
Haliaeetus leucocephalus,"Market, Kirkland, WA 98033, USA",47.6976161147,-122.2110408132,2024-06-12
Anas platyrhynchos,"Kirkland, WA, USA",47.6980081184,-122.2123832717,2024-06-09
Haliaeetus leucocephalus,"Kirkland, WA, USA",47.7003406915,-122.2115794685,2024-06-09
Poecile atricapillus,"Market, Kirkland, WA 98033, USA",47.6971406602,-122.2118649715,2024-06-09
Agelaius phoeniceus,"Market, Kirkland, WA 98033, USA",47.6980179028,-122.2119400734,2024-06-09
Megaceryle alcyon,"Kirkland, WA, USA",47.6978157167,-122.2125820804,2024-06-09
Pipilo maculatus,"Market, Kirkland, WA 98033, USA",47.6960586306,-122.2112913536,2024-06-09
Melospiza melodia,"Market, Kirkland, WA 98033, USA",47.6960308283,-122.2112225749,2024-06-09
Psaltriparus minimus,"Market, Kirkland, WA 98033, USA",47.6959485989,-122.2112336861,2024-06-09
Colaptes auratus,"Market, Kirkland, WA 98033, USA",47.6952495125,-122.2135640261,2024-06-09
Dryobates pubescens,"Market, Kirkland, WA 98033, USA",47.6964622482,-122.2139835778,2024-06-09
Buteo jamaicensis,"South Juanita, Kirkland, WA, USA",47.6958168806,-122.209271084,2024-06-09
Bombycilla cedrorum,"Market, Kirkland, WA 98033, USA",47.6972277075,-122.2134302386,2024-06-09
Corvus brachyrhynchos,"Market, Kirkland, WA 98033, USA",47.6976690907,-122.2133775461,2024-06-09
Fulica americana,"Market, Kirkland, WA 98033, USA",47.6974930794,-122.2134083915,2024-06-09
Patagioenas fasciata,"Market, Kirkland, WA 98033, USA",47.6959154316,-122.213594805,2024-06-09
Junco hyemalis,"Market, Kirkland, WA 98033, USA",47.6960714357,-122.2128491509,2024-06-09
Thryomanes bewickii,"Market, Kirkland, WA 98033, USA",47.6964628753,-122.2120273058,2024-06-09
Ardea herodias,"Kirkland, WA, USA",47.6979369896,-122.2125029472,2024-06-09
Aix sponsa,"Kirkland, WA, USA",47.6978613429,-122.2126687335,2024-06-09
Pandion haliaetus,"King County, US-WA, US",47.7021056536,-122.2145894778,2024-06-09
Ardea herodias,"Kirkland, WA, USA",47.7000169224,-122.2113191656,2024-06-08
Pipilo maculatus,"Market, Kirkland, WA 98033, USA",47.69665288,-122.2120250002,2024-06-08
Haliaeetus leucocephalus,"Kirkland, WA, USA",47.6999653088,-122.2139016647,2024-06-08
Agelaius phoeniceus,"Kirkland, WA, USA",47.6981739228,-122.2120473321,2024-06-08
Cistothorus palustris,"Market, Kirkland, WA 98033, USA",47.6985307545,-122.2101901113,2024-06-08
Colaptes auratus,"Juanita Bay Park, 2201 Market St, Kirkland, WA 98033, USA",47.6986138,-122.2110985,2024-06-05
Pheucticus melanocephalus,"Juanita Bay Park, 2201 Market St, Kirkland, WA 98033, USA",47.6986138,-122.2110985,2024-06-05
Aix sponsa,"Juanita Bay Park, 2201 Market St, Kirkland, WA 98033, USA",47.6986138,-122.2110985,2024-06-05
Haliaeetus leucocephalus,"Juanita Bay Park, 2201 Market St, Kirkland, WA 98033, USA",47.6986138,-122.2110985,2024-06-05
Dryobates pubescens,"Juanita Bay Park, 2201 Market St, Kirkland, WA 98033, USA",47.6986138,-122.2110985,2024-06-05
Bombycilla cedrorum,"Juanita Bay Park, 2201 Market St, Kirkland, WA 98033, USA",47.6986138,-122.2110985,2024-06-05
Agelaius phoeniceus,"Juanita Bay Park, 2201 Market St, Kirkland, WA 98033, USA",47.6986138,-122.2110985,2024-06-05
Ardea herodias,"Juanita Bay Park, 2201 Market St, Kirkland, WA 98033, USA",47.6986138,-122.2110985,2024-06-05
Anas platyrhynchos,"Juanita Bay Park, 2201 Market St, Kirkland, WA 98033, USA",47.6986138,-122.2110985,2024-06-05
Calypte anna,"Juanita Bay Park, 2201 Market St, Kirkland, WA 98033, USA",47.6986138,-122.2110985,2024-06-05
Aix sponsa,"Juanita Bay Park, 2201 Market St, Kirkland, WA 98033, USA",47.6986138,-122.2110985,2024-06-02
Agelaius phoeniceus,"Juanita Bay Park, 2201 Market St, Kirkland, WA 98033, USA",47.6986138,-122.2110985,2024-06-02
Ardea herodias,"Juanita Bay Park, 2201 Market St, Kirkland, WA 98033, USA",47.6986138,-122.2110985,2024-06-02
Anas platyrhynchos,"Juanita Bay Park, 2201 Market St, Kirkland, WA 98033, USA",47.6986138,-122.2110985,2024-06-02
Melospiza melodia,"Juanita Bay Park, 2201 Market St, Kirkland, WA 98033, USA",47.6986138,-122.2110985,2024-06-02
Fulica americana,"Juanita Bay Park, 2201 Market St, Kirkland, WA 98033, USA",47.6986138,-122.2110985,2024-06-02
Spizella passerina,"Juanita Bay Park, 2201 Market St, Kirkland, WA 98033, USA",47.6986138,-122.2110985,2024-06-02
Branta canadensis,"King County, US-WA, US",47.70054408,-122.21034503,2024-06-03
Aix sponsa,"Market, Kirkland, WA 98033, USA",47.7009410753,-122.2104567274,2024-05-31
Rallus limicola,"Market, Kirkland, WA 98033, USA",47.6979442307,-122.2119796065,2024-05-31
Poecile atricapillus,"Market, Kirkland, WA 98033, USA",47.6960398802,-122.2112285008,2024-05-27
Calypte anna,"Market, Kirkland, WA 98033, USA",47.6966916151,-122.2118200175,2024-05-27
Turdus migratorius,"Market, Kirkland, WA 98033, USA",47.6980058386,-122.2121444284,2024-05-27
Agelaius phoeniceus,"Market, Kirkland, WA 98033, USA",47.6980231889,-122.2119778585,2024-05-27
Dryobates pubescens,"Market, Kirkland, WA 98033, USA",47.6973817601,-122.2117456398,2024-05-27
Sphyrapicus ruber,"Market, Kirkland, WA 98033, USA",47.6974574517,-122.2118207416,2024-05-27
Bombycilla cedrorum,"Market, Kirkland, WA 98033, USA",47.6971394696,-122.2119389012,2024-05-27
Thryomanes bewickii,"Market, Kirkland, WA 98033, USA",47.6964445632,-122.2118705341,2024-05-27
Certhia americana,"Market, Kirkland, WA 98033, USA",47.6962343553,-122.2114969401,2024-05-27
Sturnus vulgaris,"Market, Kirkland, WA 98033, USA",47.6960272893,-122.2113024799,2024-05-27
Fulica americana,"Kirkland, WA, USA",47.698048109,-122.2124202913,2024-05-26
Aix sponsa,"Market, Kirkland, WA 98033, USA",47.6974805928,-122.2133946703,2024-05-26
Pheucticus melanocephalus,"Market, Kirkland, WA 98033, USA",47.6969263291,-122.2117441786,2024-05-26
Psaltriparus minimus,"Market, Kirkland, WA 98033, USA",47.6969195113,-122.2119583888,2024-05-26
Colaptes auratus,"Market, Kirkland, WA 98033, USA",47.6960789275,-122.2112915246,2024-05-26
Sturnus vulgaris,"Market, Kirkland, WA 98033, USA",47.6960423703,-122.2113257228,2024-05-26
Agelaius phoeniceus,"Market, Kirkland, WA 98033, USA",47.696041806,-122.2113260581,2024-05-26
Anas platyrhynchos,"South Juanita, Kirkland, WA, USA",47.7040634075,-122.2162646055,2024-05-19
Corvus brachyrhynchos,"South Juanita, Kirkland, WA, USA",47.7042128665,-122.2159169883,2024-05-19
Agelaius phoeniceus,"Kirkland, WA, USA",47.69996221,-122.2155427165,2024-05-18
Fulica americana,"Kirkland, WA, USA",47.7007294442,-122.2151861938,2024-05-18
Anas platyrhynchos,"Nelson Point, Kirkland, WA 98033, USA",47.698089,-122.2135574,2024-05-18
Psaltriparus minimus,"Juanita Bay Park, 2201 Market St, Kirkland, WA 98033, USA",47.6986138,-122.2110985,2024-05-18
Aix sponsa,"Kirkland, WA, USA",47.7004189518,-122.2126649279,2024-05-18
Junco hyemalis,"Juanita Bay Park, 2201 Market St, Kirkland, WA 98033, USA",47.6986138,-122.2110985,2024-05-18
Turdus migratorius,"Juanita Bay Park, 2201 Market St, Kirkland, WA 98033, USA",47.6986138,-122.2110985,2024-05-18
Ardea herodias,"Kirkland, WA, USA",47.7004911357,-122.2133301039,2024-05-18
Haliaeetus leucocephalus,"Kirkland, WA, USA",47.7008521997,-122.2141669471,2024-05-18
Cistothorus palustris,"Juanita Bay, Kirkland, WA, US",47.6980585181,-122.2122633827,2024-05-15
Ardea herodias,"Rose Point Ln, Kirkland, WA, US",47.6978333333,-122.2140283333,2024-05-14
Anas platyrhynchos,"Juanita Bay, Kirkland, WA, US",47.7035883333,-122.2175616667,2024-05-14
Agelaius phoeniceus,"Rose Point Ln, Kirkland, WA, US",47.6978966667,-122.21408,2024-05-14
Setophaga coronata,"Kirkland, WA, USA",47.6990176053,-122.2120285034,2024-05-08
Haliaeetus leucocephalus,"Kirkland, WA, USA",47.6990176053,-122.2120285034,2024-05-08
Pipilo maculatus,"Kirkland, WA, USA",47.6990176053,-122.2120285034,2024-05-08
Mergus merganser,"Kirkland, WA, USA",47.6990176053,-122.2120285034,2024-05-08
Anas platyrhynchos,"Kirkland, WA, USA",47.6990261402,-122.2121143341,2024-05-08
Megaceryle alcyon,"Kirkland, WA, USA",47.6990261402,-122.2121143341,2024-05-08
Aix sponsa,"Kirkland, WA, USA",47.6990261402,-122.2121143341,2024-05-08
Ardea herodias,"Kirkland, WA, USA",47.6990261402,-122.2121143341,2024-05-08
Agelaius phoeniceus,"Kirkland, WA, USA",47.6990261402,-122.2121143341,2024-05-08
Turdus migratorius,"Kirkland, WA, USA",47.6990261402,-122.2121143341,2024-05-08
Podilymbus podiceps,"Kirkland, WA, USA",47.6990261402,-122.2121143341,2024-05-08
Melospiza melodia,"Kirkland, WA, USA",47.6990261402,-122.2121143341,2024-05-08
Calypte anna,"Kirkland, WA, USA",47.6990261402,-122.2121143341,2024-05-08
Nannopterum auritum,"Kirkland, WA, USA",47.6990261402,-122.2121143341,2024-05-08
Branta canadensis,"Kirkland, WA, USA",47.6990261402,-122.2121143341,2024-05-08
Dryobates villosus,"Kirkland, WA, USA",47.6990261402,-122.2121143341,2024-05-08
Poecile atricapillus,"Kirkland, WA, USA",47.6990261402,-122.2121143341,2024-05-08
Colaptes auratus,"Kirkland, WA, USA",47.6990261402,-122.2121143341,2024-05-08
Branta canadensis,"Kirkland, WA 98033, USA",47.6981765997,-122.2136557997,2024-05-11
Agelaius phoeniceus,"Market, Kirkland, WA, US",47.6981616667,-122.21363,2024-05-04
Haemorhous mexicanus,"Washington, US",47.7004994746,-122.2219562294,2024-04-29
Ardea herodias,Kirkland,47.7052726746,-122.2167282104,2024-04-25
Corvus brachyrhynchos,"NE 108th St, Kirkland, WA, US",47.6964493345,-122.20012854,2024-04-22
Dryocopus pileatus,"106th Pl NE, Kirkland, WA, US",47.6939163515,-122.1984923089,2024-04-13
Turdus migratorius,"Park Access Rd, Kirkland, WA, US",47.6961166731,-122.2113033333,2024-04-20
Agelaius phoeniceus,"Juanita Bay, Kirkland, WA, US",47.6981116667,-122.2121366667,2024-04-20
Poecile atricapillus,"Market, Kirkland, WA 98033, USA",47.6978793722,-122.2120162448,2024-04-07
Agelaius phoeniceus,"Market, Kirkland, WA 98033, USA",47.6975953563,-122.2118246629,2024-04-07
Ardea herodias,"Market, Kirkland, WA 98033, USA",47.6978476072,-122.2122943918,2024-04-07
Turdus migratorius,"Market, Kirkland, WA 98033, USA",47.6955527778,-122.2107555556,2024-02-29
Anas platyrhynchos,"Market, Kirkland, WA, US",47.6980419536,-122.211997041,2024-03-31
Turdus migratorius,"Market, Kirkland, WA, US",47.6968502426,-122.2119399694,2024-03-31
Larus glaucescens × occidentalis,"Кинг, Вашингтон, США",47.7025145449,-122.2133289513,2024-03-25
Ardea herodias,"Кинг, Вашингтон, США",47.6981,-122.21213,2024-03-25
Mareca strepera,"Market, Kirkland, WA 98033, USA",47.7011714766,-122.2104515433,2024-03-24
Aix sponsa,"Market, Kirkland, WA 98033, USA",47.7012175759,-122.2104635958,2024-03-24
Spatula clypeata,"Market, Kirkland, WA, US",47.6981322051,-122.2136817482,2024-03-21
Ardea herodias,"Rose Point Ln, Kirkland, WA, US",47.6977446793,-122.2140029144,2024-03-21
Agelaius phoeniceus,"Juanita Bay, Kirkland, WA, US",47.6980914358,-122.2121618159,2024-03-21
Bucephala albeola,"Juanita Bay, Kirkland, WA, US",47.6981397029,-122.2122404386,2024-03-21
Haliaeetus leucocephalus,"Juanita Bay, Kirkland, WA, US",47.6981472923,-122.2122365254,2024-03-21
Corthylio calendula,"Market, Kirkland, WA, US",47.6970865316,-122.2118658886,2024-03-21
Psaltriparus minimus,"2201 Market St, Kirkland, WA 98033, USA",47.6986138,-122.2110985,2024-03-17
Aix sponsa,"Kirkland, WA, USA",47.6982163939,-122.2137479493,2024-02-08
Cygnus buccinator,"Kirkland, WA, USA",47.6982114558,-122.2137435428,2024-02-08
Fulica americana,"King County, WA, USA",47.6978783351,-122.2129330844,2024-03-03
Podilymbus podiceps,"King County, WA, USA",47.6979627845,-122.2128794403,2024-03-03
Agelaius phoeniceus,"Juanita Bay, Kirkland, WA, US",47.6981524331,-122.2121646196,2024-03-02
Pipilo maculatus,"Park Access Rd, Kirkland, WA, US",47.6961590529,-122.2115961115,2024-03-02
Anas crecca,"98th Ave NE, Kirkland, WA, US",47.6976802962,-122.2138495175,2024-02-29
Haliaeetus leucocephalus,"NE Juanita Ln, Kirkland, WA, US",47.6980869325,-122.212162973,2024-02-29
Buteo jamaicensis,"Juanita Bay, Kirkland, WA, US",47.6980974755,-122.2122004992,2024-02-29
Corthylio calendula,"Market, Kirkland, WA, US",47.6966804231,-122.2120548035,2024-02-29
Fulica americana,"Juanita Bay, Kirkland, WA, US",47.6987719747,-122.2113189253,2024-02-22
Calypte anna,"Market, Kirkland, WA, US",47.6968237519,-122.2120429866,2024-02-22
Mareca americana,"Juanita Bay Park, 2201 Market St, Kirkland, WA 98033, USA",47.6986138,-122.2110985,2024-02-08
Cygnus buccinator,"King County, WA, USA",47.6988670898,-122.2125584974,2024-02-18
Anas crecca,"King County, WA, USA",47.6990601024,-122.2119791403,2024-02-18
Bucephala albeola,"King County, WA, USA",47.6994066983,-122.2120220556,2024-02-18
Mareca strepera,"King County, WA, USA",47.6988434788,-122.2120426376,2024-02-18
Podilymbus podiceps,"Juanita Bay Park, 2201 Market St, Kirkland, WA 98033, USA",47.6986138,-122.2110985,2024-02-18
Melospiza melodia,"2201 Market St, Kirkland, WA 98033, USA",47.6986138,-122.2110985,2024-02-18
Lophodytes cucullatus,"Market, Kirkland, WA 98033, USA",47.697930978,-122.2137451185,2024-02-15
Aix sponsa,Juanita Bay Park,47.6995614325,-122.213996116,2024-02-11
Cygnus buccinator,Juanita Bay Park,47.6995614325,-122.213996116,2024-02-11
Agelaius phoeniceus,Juanita Bay Park,47.6995614325,-122.213996116,2024-02-11
Turdus migratorius,Juanita Bay Park,47.6995614325,-122.213996116,2024-02-11
Dryobates pubescens,Juanita Bay Park,47.6995614325,-122.213996116,2024-02-11
Calypte anna,Juanita Bay Park,47.6995614325,-122.213996116,2024-02-11
Nannopterum auritum,Juanita Bay Park,47.6995614325,-122.213996116,2024-02-11
Haliaeetus leucocephalus,Juanita Bay Park,47.6995614325,-122.213996116,2024-02-11
Bucephala albeola,Juanita Bay Park,47.6995614325,-122.213996116,2024-02-11
Branta canadensis,Juanita Bay Park,47.6995614325,-122.213996116,2024-02-11
Aix sponsa,"South Juanita, Kirkland, WA, US",47.7004666667,-122.21032,2024-02-18
Zonotrichia atricapilla,"20th Pl W, Kirkland, WA, US",47.6955344262,-122.2119648686,2024-02-17
Poecile atricapillus,"Market, Kirkland, WA, US",47.6965726531,-122.2132385262,2024-02-17
Haliaeetus leucocephalus,"Juanita Bay, Kirkland, WA, US",47.6979165976,-122.2140393279,2024-02-17
Fulica americana,"NE Juanita Dr, Kirkland, WA, US",47.6981378849,-122.2121184259,2024-02-17
Cygnus columbianus,"Juanita Bay, Kirkland, WA, US",47.698100691,-122.2121621157,2024-02-17
Mareca strepera,"NE 116th Pl, Kirkland, WA, US",47.698128065,-122.2121266497,2024-02-16
Nannopterum auritum,"Juanita Beach Park, Kirkland, WA, US",47.6981352742,-122.2120813116,2024-02-16
Aix sponsa,"Juanita Bay, Kirkland, WA, US",47.6981492485,-122.2121493227,2024-02-16
Anas crecca,"Juanita Bay, Kirkland, WA, US",47.698142007,-122.2137403117,2024-02-10
Ardea herodias,"NE 110th St, Kirkland, WA, US",47.6980388258,-122.2136088834,2024-02-10
Bucephala albeola,"Juanita Bay, Kirkland, WA, US",47.6981197368,-122.2121727146,2024-02-10
Aix sponsa,"Juanita Bay, Kirkland, WA, US",47.6981420204,-122.2138271147,2024-02-10
Mergus merganser,"Juanita Bay, Kirkland, WA, US",47.6981172248,-122.2121170042,2024-02-10
Turdus migratorius,"Juanita Bay Park, 2201 Market St, Kirkland, WA 98033, USA",47.6986138,-122.2110985,2024-02-08
Junco hyemalis,"Juanita Bay Park, 2201 Market St, Kirkland, WA 98033, USA",47.6986138,-122.2110985,2024-02-08
Haliaeetus leucocephalus,"Juanita Bay Park, 2201 Market St, Kirkland, WA 98033, USA",47.6986138,-122.2110985,2024-02-08
Anas platyrhynchos,"Juanita Bay Park, 2201 Market St, Kirkland, WA 98033, USA",47.6986138,-122.2110985,2024-02-08
Mareca strepera,"Juanita Bay Park, 2201 Market St, Kirkland, WA 98033, USA",47.6986138,-122.2110985,2024-02-08
Ardea herodias,"Juanita Bay Park, 2201 Market St, Kirkland, WA 98033, USA",47.6986138,-122.2110985,2024-02-08
Calypte anna,"Juanita Bay Park, 2201 Market St, Kirkland, WA 98033, USA",47.6986138,-122.2110985,2024-02-08
Corthylio calendula,"Juanita Bay Park, 2201 Market St, Kirkland, WA 98033, USA",47.6986138,-122.2110985,2024-02-08
Anas crecca,"Juanita Bay Park, 2201 Market St, Kirkland, WA 98033, USA",47.6986138,-122.2110985,2024-02-08
Lophodytes cucullatus,"Juanita Bay Park, 2201 Market St, Kirkland, WA 98033, USA",47.6986138,-122.2110985,2024-02-08
Mergus merganser,"Juanita Bay Park, 2201 Market St, Kirkland, WA 98033, USA",47.6986138,-122.2110985,2024-02-08
Anas platyrhynchos,"Juanita Bay, Kirkland, WA, US",47.6981037218,-122.213554136,2024-02-07
Ardea herodias,"Juanita Bay, Kirkland, WA, US",47.6980802971,-122.2136156757,2024-02-07
Anas crecca,"98th Ave NE, Kirkland, WA, US",47.6978596001,-122.2140205766,2024-02-07
Poecile rufescens,"Washington, US",47.6917069713,-122.2018730389,2024-01-20
Mergus merganser,"Juanita Bay, Kirkland, WA, US",47.698161666,-122.2137109264,2024-02-03
Haliaeetus leucocephalus,"Juanita Bay, Kirkland, WA, US",47.6981310379,-122.2121717671,2024-02-03
Anas crecca,"98th Ave NE, Kirkland, WA, US",47.7017466667,-122.21042,2024-01-27
Aix sponsa,"Juanita Bay, Kirkland, WA, US",47.7003666667,-122.2103583333,2024-01-27
Cygnus buccinator,"South Juanita, Kirkland, WA, US",47.7003383333,-122.2103416667,2024-01-27
Acanthis flammea,"Market, Kirkland, WA, US",47.6985227348,-122.2102332108,2024-01-24
Bucephala albeola,"Juanita Bay, Kirkland, WA, US",47.6981015778,-122.2121796105,2024-01-22
Melospiza melodia,"Park Access Rd, Kirkland, WA, US",47.6953242731,-122.2102097215,2024-01-15
Podilymbus podiceps,"Juanita Bay, Kirkland, WA, US",47.6981489435,-122.2121296361,2024-01-15
Cygnus buccinator,"Juanita Bay, Kirkland, WA, US",47.6981637078,-122.2121665275,2024-01-15
Ardea herodias,"Juanita Bay, Kirkland, WA, US",47.7026689945,-122.2123682454,2024-01-10
Anas crecca,"Juanita Bay, Kirkland, WA, US",47.7005919838,-122.2147922498,2024-01-10
Bucephala albeola,"Juanita Bay, Kirkland, WA, US",47.6981378431,-122.2121630816,2024-01-10
Fulica americana,"Juanita Bay, Kirkland, WA, US",47.6989986745,-122.2144152325,2024-01-07
Melospiza melodia,"Juanita Bay, Kirkland, WA, US",47.697948362,-122.2131563883,2024-01-07
Nannopterum auritum,"Juanita Bay, Kirkland, WA, US",47.7003147579,-122.2137327868,2024-01-07
Cygnus buccinator,"Juanita Bay, Kirkland, WA, US",47.6982723637,-122.2140590462,2024-01-07
Podilymbus podiceps,"Juanita Bay, Kirkland, WA, US",47.7001302521,-122.2137495412,2024-01-08
Anas crecca,"Juanita Bay, Kirkland, WA, US",47.6979733841,-122.213848135,2024-01-08
Aix sponsa,"Juanita Bay, Kirkland, WA, US",47.6983380147,-122.2133731149,2024-01-08
Cygnus buccinator,"King County, WA, USA",47.6983683374,-122.2137212456,2024-01-03
Aix sponsa,"Market, Kirkland, WA 98033, USA",47.7005489473,-122.2107551772,2024-01-03
Anas crecca,"Market, Kirkland, WA 98033, USA",47.6974584539,-122.2133086402,2024-01-03
Aythya collaris,Juanita Bay Park,47.6995614325,-122.213996116,2024-01-01
Anas platyrhynchos,Juanita Bay Park,47.6995614325,-122.213996116,2024-01-01
Nannopterum auritum,Juanita Bay Park,47.6995614325,-122.213996116,2024-01-01
Aix sponsa,Juanita Bay Park,47.6995614325,-122.213996116,2024-01-01
Calypte anna,Juanita Bay Park,47.6995614325,-122.213996116,2024-01-01
Fulica americana,Juanita Bay Park,47.6995614325,-122.213996116,2024-01-01
Podilymbus podiceps,Juanita Bay Park,47.6995614325,-122.213996116,2024-01-01
Anas crecca,Juanita Bay Park,47.6995614325,-122.213996116,2024-01-01
Gallinago delicata,Juanita Bay Park,47.6995614325,-122.213996116,2024-01-01
Cygnus buccinator,Juanita Bay Park,47.6995614325,-122.213996116,2024-01-01
Junco hyemalis,Juanita Bay Park,47.6995614325,-122.213996116,2024-01-01
Mareca strepera,Juanita Bay Park,47.6995614325,-122.213996116,2024-01-01
Haliaeetus leucocephalus,Juanita Bay Park,47.6995614325,-122.213996116,2024-01-01
Cygnus buccinator,"Juanita Bay Park, 2201 Market St, Kirkland, WA 98033, USA",47.6986138,-122.2110985,2023-12-21
Aix sponsa,"Juanita Bay Park, 2201 Market St, Kirkland, WA 98033, USA",47.6986138,-122.2110985,2023-12-21
Anas crecca,"Juanita Bay Park, 2201 Market St, Kirkland, WA 98033, USA",47.6986138,-122.2110985,2023-12-21
Gallinago delicata,"Juanita Bay Park, 2201 Market St, Kirkland, WA 98033, USA",47.699133694,-122.2115169055,2023-12-21
Aix sponsa,"Kirkland, WA, USA",47.698185,-122.213742,2023-07-09
Ardea herodias,"Market, Kirkland, WA 98033, USA",47.697342,-122.21345,2023-07-09
Haliaeetus leucocephalus,"Market, Kirkland, WA 98033, USA",47.692413,-122.216087,2023-07-09
Cygnus buccinator,"King County, WA, USA",47.698092,-122.212122,2023-01-19
Charadrius vociferus,"Market, Kirkland, WA 98033, USA",47.701723,-122.210018,2023-01-19
Anas crecca,"Market, Kirkland, WA 98033, USA",47.698023,-122.21375,2023-01-19
Rallus limicola,"Market, Kirkland, WA 98033, USA",47.697348,-122.213483,2023-01-19
Aix sponsa,"Market, Kirkland, WA 98033, USA",47.701012,-122.210382,2023-01-10
Aix sponsa,"Juanita Bay Park, Kirkland, WA, USA",47.698108,-122.212168,2023-01-26
Gallinago delicata,"Juanita Bay, Kirkland, WA, US",47.6982394473,-122.2136521161,2023-12-18
Ardea herodias,"Market, Kirkland, WA 98033, USA",47.70035,-122.2103222222,2023-12-17
Haliaeetus leucocephalus,"South Juanita, Kirkland, WA, USA",47.7040444444,-122.2177472222,2023-12-17
Aix sponsa,"Kirkland, WA 98033, USA",47.6981472222,-122.2137805556,2023-12-17
Bucephala albeola,"Kirkland, WA 98033, USA",47.6981444444,-122.2137805556,2023-12-17
Strix varia,"Market, Kirkland, WA 98033, USA",47.6969027778,-122.2119888889,2023-12-17
Lophodytes cucullatus,"Juanita Bay, Kirkland, WA, US",47.6983570627,-122.2122183918,2023-12-16
Aix sponsa,"NE Juanita Dr, Kirkland, WA, US",47.6972631785,-122.213594408,2023-12-13
Fulica americana,"Juanita Bay, Kirkland, WA, US",47.6981686231,-122.2121119486,2023-12-13
Sphyrapicus ruber,"Juanita Beach Park, Kirkland, WA, US",47.7048845599,-122.2162238824,2023-05-21
Sturnus vulgaris,"Juanita Bay, Kirkland, WA, US",47.6982127,-122.22006455,2023-05-21
Agelaius phoeniceus,"Juanita Bay, Kirkland, WA, US",47.6982127,-122.22006455,2023-06-11
Ardea herodias,"Juanita Bay, Kirkland, WA, US",47.6982127,-122.22006455,2023-05-21
Mareca americana,"South Juanita, Kirkland, WA, USA",47.7034833333,-122.2139638889,2023-12-10
Mareca strepera,"King County, WA, USA",47.7029333333,-122.2145111111,2023-12-10
Certhia americana,"Market, Kirkland, WA 98033, USA",47.6986137687,-122.211098671,2023-12-02
Cygnus buccinator,"Market, Kirkland, WA 98033, USA",47.6986137687,-122.211098671,2023-12-02
Regulus satrapa,"Market, Kirkland, WA 98033, USA",47.6986137687,-122.211098671,2023-12-02
Zonotrichia atricapilla,"Juanita Bay Park, 2201 Market St, Kirkland, WA 98033, USA",47.6986138,-122.2110985,2023-12-02
Anas crecca,"Juanita Bay, Kirkland, WA, US",47.6977840297,-122.213819355,2023-11-24
Cairina moschata,"Juanita Bay, Kirkland, WA, US",47.7024814337,-122.213939091,2023-11-24
Lophodytes cucullatus,"Juanita Bay, Kirkland, WA, US",47.6981609736,-122.2136545704,2023-11-24
Aix sponsa,"NE Juanita Dr, Kirkland, WA, US",47.7038508281,-122.2133758588,2023-11-24
Gallinago delicata,"NE Juanita Dr, Kirkland, WA, US",47.6981530273,-122.2138521424,2023-11-24
Cygnus columbianus,"Juanita Beach Park, Kirkland, WA, US",47.6981690156,-122.2121635417,2023-11-24
Anas platyrhynchos,"King County, WA, USA",47.7006211216,-122.211985141,2023-07-08
Corvus brachyrhynchos,"Market, Kirkland, WA 98033, USA",47.7009106199,-122.2123827785,2023-07-08
Branta canadensis,"King County, WA, USA",47.7008201377,-122.2135495394,2023-07-08
Haliaeetus leucocephalus,"King County, WA, USA",47.7009850814,-122.2139414772,2023-07-08
Junco hyemalis,"King County, WA, USA",47.7019819528,-122.2141265497,2023-07-08
Melospiza melodia,"Market, Kirkland, WA 98033, USA",47.7007170195,-122.213505283,2023-07-08
Pipilo maculatus,"King County, WA, USA",47.7008038915,-122.2141312435,2023-07-08
Buteo jamaicensis,"King County, WA, USA",47.701006066,-122.2142425552,2023-07-08
Aix sponsa,Juanita Beach Park,47.7008955019,-122.2146552801,2023-07-08
Ardea herodias,"Market, Kirkland, WA 98033, USA",47.7005049156,-122.214698866,2023-07-08
Spatula clypeata,"NE Juanita Dr, Kirkland, WA, US",47.7038048286,-122.2113553081,2023-11-18
Aix sponsa,"South Juanita, Kirkland, WA, US",47.7005065419,-122.2102458124,2023-11-18
Gallinago delicata,"2201 Market St, Kirkland, WA 98033",47.6986138,-122.2110985,2023-11-16
Poecile atricapillus,"Market, Kirkland, WA 98033, USA",47.7014783298,-122.2166448087,2023-07-08
Agelaius phoeniceus,"Market, Kirkland, WA 98033, USA",47.7014318482,-122.2144182399,2023-07-08
Fulica americana,"Market, Kirkland, WA 98033, USA",47.7012461471,-122.2147739679,2023-07-08
Pandion haliaetus,"Market, Kirkland, WA 98033, USA",47.7015604622,-122.2149074078,2023-07-08
Turdus migratorius,Juanita Bay Park,47.7005435005,-122.2138050199,2023-07-08
Haliaeetus leucocephalus,"2201 Market St, Kirkland, WA 98033",47.6986138,-122.2110985,2023-11-13
Anas crecca,"2201 Market St, Kirkland, WA 98033",47.6986138,-122.2110985,2023-11-13
Gallinago delicata,"2201 Market St, Kirkland, WA 98033",47.6986138,-122.2110985,2023-11-13
Aix sponsa,"2201 Market St, Kirkland, WA 98033",47.6986138,-122.2110985,2023-11-13
Charadrius vociferus,"2201 Market St, Kirkland, WA 98033",47.6986138,-122.2110985,2023-11-13
Mareca strepera,"2201 Market St, Kirkland, WA 98033",47.6986138,-122.2110985,2023-11-13
Ardea herodias,"Juanita Beach Park, Kirkland, WA, US",47.7044732776,-122.2171044837,2023-11-10
Podilymbus podiceps,"Market, Kirkland, WA 98033, USA",47.6978990138,-122.2136452513,2023-03-26
Podilymbus podiceps,"King County, WA, USA",47.6985585829,-122.2130766447,2023-10-22
Melospiza melodia,"King County, WA, USA",47.6985585829,-122.2130766447,2023-10-22
Haliaeetus leucocephalus,"King County, WA, USA",47.6985559657,-122.2131835057,2023-10-22
Agelaius phoeniceus,"King County, WA, USA",47.6985559657,-122.2131835057,2023-10-22
Aix sponsa,"King County, WA, USA",47.6985559657,-122.2131835057,2023-10-22
Corvus brachyrhynchos,"King County, WA, USA",47.6985559657,-122.2131835057,2023-10-22
Fulica americana,"King County, WA, USA",47.6985559657,-122.2131835057,2023-10-22
Spatula clypeata,"King County, WA, USA",47.6985559657,-122.2131835057,2023-10-22
Ardea herodias,"King County, WA, USA",47.6985559657,-122.2131835057,2023-10-22
Corthylio calendula,"Market, Kirkland, WA 98033, USA",47.6974064112,-122.2119302396,2023-10-24
Anas acuta,"Juanita Bay Park, Kirkland, WA 98033",47.6986138,-122.2110985,2023-09-14
Aix sponsa,"Juanita Bay Park, Kirkland, WA 98033",47.6986138,-122.2110985,2023-09-14
Fulica americana,"Juanita Bay Park, Kirkland, WA 98033",47.6986138,-122.2110985,2023-09-14
Passerculus sandwichensis,"Juanita Bay, Kirkland, WA, US",47.6981151731,-122.2122396579,2023-09-14
Dryobates villosus,"Washington, US",47.6952801555,-122.2162457204,2023-09-12
Porzana carolina,"Juanita Bay, Kirkland, WA, US",47.7005330808,-122.2104706826,2023-08-30
Porzana carolina,"King County, WA, USA",47.698129445,-122.2121752783,2023-09-06
Branta canadensis,"Lake Washington, Kirkland, WA, US",47.6981323431,-122.2139247068,2023-09-06
Porzana carolina,Kirkland,47.6981201172,-122.2120742798,2023-09-05
Porzana carolina,"Redmond, WA 98074, USA",47.6986889104,-122.2133832425,2023-09-04
Calypte anna,"Market, Kirkland, WA 98033, USA",47.6975716667,-122.212025,2023-08-27
Pandion haliaetus,"Market, Kirkland, WA 98033, USA",47.697415,-122.2134766667,2023-08-27
Mareca strepera,"Market, Kirkland, WA 98033, USA",47.6977966667,-122.2139833333,2023-08-27
Aix sponsa,"King County, WA, USA",47.700375,-122.2103916667,2023-08-27
Ardea herodias,"Kirkland, WA, USA",47.6981433333,-122.2135983333,2023-08-27
Agelaius phoeniceus,"Market, Kirkland, WA 98033, USA",47.6978970492,-122.2137865196,2023-04-28
Melospiza melodia,"Kirkland, WA, USA",47.6980073277,-122.2138313444,2023-04-28
Fulica americana,"Juanita Bay, Kirkland, WA, US",47.6983217304,-122.213618466,2023-08-13
Geothlypis trichas,"King County, WA, USA",47.6988658581,-122.2124008734,2023-08-04
Haliaeetus leucocephalus,"King County, WA, USA",47.6994290773,-122.2171710212,2023-08-04
Charadrius vociferus,"Market, Kirkland, WA 98033, USA",47.7019281456,-122.2109912116,2023-08-04
Aix sponsa,"King County, WA, USA",47.6993287462,-122.2114632804,2023-08-04
Anas platyrhynchos,"2201 Market St, Kirkland, WA 98033",47.6986138,-122.2110985,2023-08-04
Astur cooperii,"South Juanita, Kirkland, WA, USA",47.7047987221,-122.2178702429,2023-08-02
Fulica americana,"Juanita Bay, Kirkland, WA, US",47.7019014335,-122.2129299618,2023-08-02
Ardea herodias,"Juanita Bay, Kirkland, WA, US",47.6981222434,-122.2121744057,2023-08-02
Poecile atricapillus,Juanita Bay Park,47.6986137687,-122.211098671,2023-07-22
Fulica americana,"20th Ave W, Kirkland, WA, US",47.6980481716,-122.2136020941,2023-07-23
Rallus limicola,"King County, US-WA, US",47.6974484937,-122.2101364285,2023-07-23
Aix sponsa,"Juanita Bay, Seattle, WA, US",47.6980649773,-122.2135818937,2023-07-18
Fulica americana,"Juanita Bay, Kirkland, WA, US",47.6981350514,-122.2121444934,2023-07-18
Aix sponsa,Juanita Bay Park,47.6986137687,-122.211098671,2023-07-15
Bombycilla cedrorum,"King County, WA, USA",47.6989884692,-122.2137265614,2023-07-08
Dryobates pubescens,"King County, WA, USA",47.6989884692,-122.2137265614,2023-07-08
Calypte anna,"King County, WA, USA",47.6989884692,-122.2137265614,2023-07-08
Aix sponsa,"Market, Kirkland, WA 98033, USA",47.7005970971,-122.2105279755,2023-06-25
Haliaeetus leucocephalus,"Market, Kirkland, WA, US",47.6980222734,-122.2103980526,2023-06-19
Haliaeetus leucocephalus,"Rose Point Ln, Seattle, WA, US",47.6980425122,-122.214029118,2023-06-10
Strix varia,"South Juanita, Kirkland, WA, USA",47.7048700193,-122.2160708159,2023-06-02
Anas crecca,"King County, WA, USA",47.6980469897,-122.2122160594,2023-03-26
Agelaius phoeniceus,"Market, Kirkland, WA 98033, USA",47.6981008614,-122.2121333331,2023-06-05
Anas platyrhynchos,"Juanita Bay, Kirkland, WA, US",47.7004774293,-122.2103359552,2023-06-05
Agelaius phoeniceus,"Market, Kirkland, WA 98033, USA",47.6978917117,-122.2122572143,2023-05-28
Mareca strepera,"Market, Kirkland, WA 98033, USA",47.6978917117,-122.2122572143,2023-05-28
Anas platyrhynchos domesticus,"Market, Kirkland, WA 98033, USA",47.6978917117,-122.2122572143,2023-05-28
Haliaeetus leucocephalus,"Market, Kirkland, WA 98033, USA",47.6978917117,-122.2122572143,2023-05-28
Mareca strepera,"Kirkland, WA 98033, USA",47.6981333333,-122.213925,2023-05-21
Dryocopus pileatus,"Juanita Beach Park, Kirkland, WA, US",47.7047688669,-122.2175109786,2023-05-23
Hydroprogne caspia,"Juanita Bay, Seattle, WA, US",47.700831277,-122.2186821291,2023-05-23
Haemorhous mexicanus,"Market, Kirkland, WA, US",47.6979453058,-122.2102726657,2023-05-23
Dryobates pubescens,"Juanita Bay, Seattle, WA, US",47.6983432426,-122.2126520401,2023-05-23
Agelaius phoeniceus,"Juanita Bay, Seattle, WA, US",47.7012486688,-122.2109529993,2023-05-23
Pipilo maculatus,"Market, Kirkland, WA, US",47.6976860999,-122.212096793,2023-05-23
Aix sponsa,"Juanita Bay, Seattle, WA, US",47.6989592818,-122.2143156898,2023-05-23
Mareca strepera,"Juanita Bay, Seattle, WA, US",47.7001534519,-122.2167001909,2023-05-23
Ardea herodias,"Juanita Bay, Seattle, WA, US",47.6983498606,-122.2133552237,2023-05-23
Thryomanes bewickii,"Market, Kirkland, WA, US",47.6968867196,-122.2133877726,2023-05-23
Anas platyrhynchos,"Juanita Bay, Seattle, WA, US",47.6992320978,-122.2133284245,2023-05-23
Corvus brachyrhynchos,"Rose Point Ln, Kirkland, WA, US",47.6973643621,-122.213643126,2023-05-23
Sturnus vulgaris,"Lake Washington, Seattle, WA, US",47.6978072332,-122.2139292187,2023-05-23
Pandion haliaetus,"Juanita Bay, Seattle, WA, US",47.6993379985,-122.2176198117,2023-05-23
Branta canadensis,"Juanita Bay, Seattle, WA, US",47.6994294157,-122.2140447995,2023-05-23
Colaptes auratus,"Park Access Rd, Kirkland, WA, US",47.6959247256,-122.2109801629,2023-05-23
Picidae,"Market, Kirkland, WA 98033, USA",47.6973611111,-122.2138861111,2023-05-21
Agelaius phoeniceus,"King County, US-WA, US",47.6981694444,-122.2137222222,2023-05-21
Dryobates pubescens,"Lake Washington, Kirkland, WA, US",47.6976104753,-122.2147277548,2023-05-06
Anas platyrhynchos,"Market, Kirkland, WA 98033, USA",47.6978476383,-122.21335348,2023-05-10
Agelaius phoeniceus,"Kirkland, WA, USA",47.6981516647,-122.2135983189,2023-05-11
Agelaius phoeniceus,"Market, Kirkland, WA 98033, USA",47.6975594939,-122.2100800043,2023-05-10
Cistothorus palustris,"Market, Kirkland, WA 98033, USA",47.6981339718,-122.2098546989,2023-05-10
Mareca strepera,"98th Ave NE, Kirkland, WA, US",47.6976041937,-122.2099680835,2023-05-10
Melospiza melodia,"South Juanita, Kirkland, WA, US",47.7000716731,-122.2102583333,2023-05-10
Turdus migratorius,"98th Ave NE, Kirkland, WA, US",47.7024804895,-122.2104084328,2023-05-10
Junco hyemalis,"98th Ave NE, Kirkland, WA, US",47.7025300031,-122.2103883333,2023-05-10
Anas platyrhynchos domesticus,Kirkland,47.6974143982,-122.2134628296,2023-05-04
Ardea herodias,Juanita Beach Park,47.7046051361,-122.2144343331,2023-05-04
Pandion haliaetus,"South Juanita, Kirkland, WA, USA",47.7038972222,-122.2176833333,2023-05-03
Aix sponsa,"South Juanita, Kirkland, WA, USA",47.7046611111,-122.2173333333,2023-05-03
Bucephala clangula,"Juanita Bay, Seattle, WA, US",47.7021663139,-122.2139538113,2023-05-03
Pandion,"Juanita Bay, Seattle, WA, US",47.700941012,-122.2107926695,2023-05-03
Nannopterum auritum,"Juanita Bay, Seattle, WA, US",47.7008372509,-122.2104149294,2023-05-03
Melospiza melodia,"Juanita Bay, Kirkland, WA, US",47.6981305757,-122.2136465459,2023-05-03
Anas platyrhynchos,"Juanita Bay, Kirkland, WA, US",47.6980754245,-122.2122235301,2023-05-03
Agelaius phoeniceus,"Juanita Bay, Kirkland, WA, US",47.6980690685,-122.2122165395,2023-05-03
Agelaius phoeniceus,Kirkland,47.6981887817,-122.2135925293,2023-05-02
Ardea herodias,"Juanita Bay, Kirkland, WA, US",47.6982709189,-122.212056829,2023-05-03
Ardea herodias,Kirkland,47.6978225708,-122.2138671875,2023-05-02
Cistothorus palustris,"Market, Kirkland, WA 98033, USA",47.6980740086,-122.2101860493,2023-05-02
Podiceps grisegena,Kirkland,47.7030029297,-122.2143859863,2023-05-02
Haemorhous mexicanus,"98th Ave NE, Kirkland, WA, US",47.7058966667,-122.2093416667,2023-05-01
Ardea herodias,"Market, Kirkland, WA 98033, USA",47.6976638889,-122.2139944444,2023-04-21
Agelaius phoeniceus,"Market, Kirkland, WA 98033, USA",47.6974138889,-122.2134833333,2023-04-21
Podilymbus podiceps,"Market, Kirkland, WA 98033, USA",47.6974138889,-122.2134833333,2023-04-21
Agelaius phoeniceus,"Market, Seattle, WA, US",47.698105,-122.2136,2023-04-25
Colaptes auratus,"Market, Kirkland, WA, US",47.69697,-122.2135916667,2023-04-22
Agelaius phoeniceus,"Market, Kirkland, WA, US",47.6973916667,-122.2135166667,2023-04-22
Agelaius phoeniceus,"King County, WA, USA",47.6996605456,-122.2146249644,2023-04-19
Calypte anna,"King County, WA, USA",47.6996605456,-122.2146249644,2023-04-19
Melospiza melodia,"King County, WA, USA",47.6996605456,-122.2146249644,2023-04-19
Turdus migratorius,"King County, WA, USA",47.6996605456,-122.2146249644,2023-04-19
Colaptes auratus,"King County, WA, USA",47.6996605456,-122.2146249644,2023-04-19
Branta canadensis,"King County, WA, USA",47.6996605456,-122.2146249644,2023-04-19
Sturnus vulgaris,"King County, WA, USA",47.6996605456,-122.2146249644,2023-04-19
Nannopterum auritum,"King County, WA, USA",47.6996605456,-122.2146249644,2023-04-19
Poecile atricapillus,"King County, WA, USA",47.6996605456,-122.2146249644,2023-04-19
Anas platyrhynchos,"King County, WA, USA",47.6996605456,-122.2146249644,2023-04-19
Ardea herodias,"King County, WA, USA",47.6996605456,-122.2146249644,2023-04-19
Podilymbus podiceps,"King County, WA, USA",47.6996605456,-122.2146249644,2023-04-19
Cistothorus palustris,"King County, WA, USA",47.6996605456,-122.2146249644,2023-04-19
Pandion haliaetus,"King County, WA, USA",47.6996605456,-122.2146249644,2023-04-19
Aix sponsa,"Market, Kirkland, WA 98033, USA",47.6974030643,-122.2134674532,2023-03-29
Corthylio calendula,"Market, Kirkland, WA 98033, USA",47.697027192,-122.2104343757,2023-03-29
Agelaius phoeniceus,"Market, Kirkland, WA 98033, USA",47.6980712567,-122.2106976331,2023-03-29
Colaptes auratus,"Market, Kirkland, WA 98033, USA",47.6960758983,-122.212092871,2023-03-29
Ardea herodias,"Market, Kirkland, WA 98033, USA",47.6964436257,-122.2100151146,2023-03-29
Mergus merganser,"King County, WA, USA",47.698636773,-122.2129255216,2023-03-29
Melospiza melodia,"Market, Kirkland, WA 98033, USA",47.6964018572,-122.2132447896,2023-03-29
Nannopterum auritum,"King County, WA, USA",47.6985198425,-122.2123301435,2023-03-29
Ardea herodias,"100th Ave NE, Kirkland, WA, US",47.6980644483,-122.2139216275,2023-04-17
Agelaius phoeniceus,"Juanita Bay, Kirkland, WA, US",47.697510562,-122.213377234,2023-04-17
Cistothorus palustris,"Juanita Bay, Kirkland, WA, US",47.6980739031,-122.2120908421,2023-04-17
Gavia immer,"Market, Kirkland, WA 98033, USA",47.7004420995,-122.2104913421,2023-04-17
Pandion haliaetus,"98th Ave NE, Kirkland, WA, US",47.7011416667,-122.2103416667,2023-04-11
Turdus migratorius,"20th Ave W, Kirkland, WA, US",47.6963666667,-122.213875,2023-04-07
Poecile rufescens,"Washington, US",47.7036646577,-122.2022472529,2023-04-07
Aix sponsa,"Juanita Bay Park, Kirkland, WA 98033, USA",47.699408085,-122.2119996996,2023-04-05
Sphyrapicus ruber,"Juanita Bay Park, Kirkland, WA 98033, USA",47.6974656413,-122.2119675753,2023-04-05
Dryobates pubescens,"Juanita Bay Park, Kirkland, WA 98033, USA",47.6968662946,-122.2121607149,2023-04-05
Gallinago delicata,"Juanita Bay Park, Kirkland, WA 98033, USA",47.6980650133,-122.2113345732,2023-04-05
Sitta canadensis,"Juanita Bay Park, Kirkland, WA 98033, USA",47.6975667542,-122.211903213,2023-04-05
Colaptes auratus,"Juanita Bay Park, Kirkland, WA 98033, USA",47.6974295467,-122.211903212,2023-04-05
Agelaius phoeniceus,"Juanita Bay Park, Kirkland, WA 98033, USA",47.6976028522,-122.2117637335,2023-04-05
Certhia americana,"Juanita Bay Park, Kirkland, WA 98033, USA",47.697480092,-122.211624256,2023-04-05
Ardea herodias,"Rose Point Ln, Seattle, WA, US",47.6979089065,-122.2139829945,2023-04-03
Ardea herodias,Kirkland,47.7025146484,-122.2135467529,2023-04-02
Lophodytes cucullatus,"98th Ave NE, Kirkland, WA, US",47.6977920879,-122.2138160694,2023-03-29
Fulica americana,"Juanita Bay, Kirkland, WA, US",47.6993963712,-122.2132951651,2023-03-29
Podilymbus podiceps,"Market, Seattle, WA, US",47.6981027831,-122.2138899616,2023-03-29
Mergus merganser,"South Juanita, Kirkland, WA, USA",47.7046351997,-122.2174713997,2023-03-28
Nannopterum auritum,"Market St, Kirkland, WA, US",47.6950871579,-122.2100977245,2023-03-15
Mergus merganser,"Market, Kirkland, WA, US",47.697379728,-122.2135046589,2023-03-15
Bucephala albeola,"Juanita Bay, Seattle, WA, US",47.6995890289,-122.2124244687,2023-03-15
Turdus migratorius,"Park Access Rd, Kirkland, WA, US",47.6961502095,-122.2117281097,2023-03-15
Anas platyrhynchos,"Juanita Bay, Kirkland, WA, US",47.703445,-122.2139133333,2023-03-12
Aix sponsa,"King County, US-WA, US",47.698026,-122.213518,2023-03-12
Ardea herodias,"King County, US-WA, US",47.698858,-122.210689,2023-03-12
Turdus migratorius,Kirkland,47.6962623596,-122.2134628296,2023-03-09
Anas platyrhynchos,Kirkland,47.6980705261,-122.2134933472,2023-03-09
Anas platyrhynchos domesticus,Kirkland,47.6978149414,-122.213684082,2023-03-09
Mergus merganser,Kirkland,47.6979980469,-122.2130661011,2023-03-09
Gallinago delicata,Kirkland,47.6981468201,-122.2135772705,2023-03-09
Melospiza melodia,Kirkland,47.6981735229,-122.2135848999,2023-03-09
Anas crecca,Kirkland,47.6980438232,-122.2134552002,2023-03-09
Podilymbus podiceps,Kirkland,47.6979370117,-122.2138214111,2023-03-09
Aix sponsa,Kirkland,47.6979980469,-122.213142395,2023-03-09
Turdus migratorius,"Rose Point Ln, Kirkland, WA, US",47.6970392088,-122.2136400374,2023-03-05
Haliaeetus leucocephalus,"Juanita Bay, Kirkland, WA, US",47.6977454555,-122.2137569885,2023-03-05
Corthylio calendula,"Market, Kirkland, WA, US",47.6978677948,-122.2120019534,2023-03-05
Aix sponsa,"Juanita Bay, Seattle, WA, US",47.6981793987,-122.21278423,2023-03-05
Agelaius phoeniceus,"Market, Kirkland, WA, US",47.6977891084,-122.2119981907,2023-03-05
Podilymbus podiceps,"Juanita Bay, Seattle, WA, US",47.6990382762,-122.2127182082,2023-03-05
Melospiza melodia,Seattle,47.6981201172,-122.2136917114,2023-03-05
Ardea herodias,Seattle,47.6981620789,-122.2135772705,2023-02-26
Calypte anna,"Market, Kirkland, WA 98033, USA",47.6971505447,-122.2118993175,2023-02-26
Gallinago delicata,"King County, WA, USA",47.6984069897,-122.2129936588,2023-02-26
Anas crecca,"King County, WA, USA",47.6984069897,-122.2129936588,2023-02-26
Cygnus buccinator,"King County, WA, USA",47.6984069897,-122.2129936588,2023-02-26
Podilymbus podiceps,"2201 Market St, Kirkland, WA 98033, USA",47.6986138,-122.2110985,2023-02-13
Lophodytes cucullatus,"Juanita Bay, Seattle, WA, US",47.6998232233,-122.2128457021,2023-02-25
Melospiza melodia,"Juanita Bay, Kirkland, WA, US",47.7016433495,-122.2119635001,2023-02-25
Aix sponsa,"Juanita Bay, Kirkland, WA, US",47.7014607807,-122.2121134523,2023-02-25
Gallinago delicata,"Juanita Bay, Kirkland, WA, US",47.702117645,-122.2123280337,2023-02-25
Bucephala albeola,"Juanita Bay, Kirkland, WA, US",47.7021628095,-122.2122741265,2023-02-25
Cygnus buccinator,"Juanita Bay, Seattle, WA, US",47.7009704672,-122.2119573988,2023-02-25
Pipilo maculatus,"Juanita Bay, Seattle, WA, US",47.7001532138,-122.2119530009,2023-02-25
Agelaius phoeniceus,"Juanita Bay, Seattle, WA, US",47.6996658143,-122.2111123488,2023-02-25
Aix sponsa,"Juanita Bay, Kirkland, WA, US",47.7004283333,-122.2103666667,2023-02-17
Mergus merganser,"Juanita Bay, Seattle, WA, US",47.69815,-122.213775,2023-02-17
Buteo jamaicensis,"Juanita Beach Park, Kirkland, WA, US",47.7043333333,-122.2136216667,2023-02-17
Anas crecca,"Juanita Bay, Seattle, WA, US",47.69807,-122.2134333333,2023-02-17
Dryocopus pileatus,"Juanita Bay Park, Kirkland, WA 98033, USA",47.6969601578,-122.2117208407,2023-02-16
Anas crecca,"Juanita Bay Park, Kirkland, WA 98033, USA",47.6987654393,-122.2122035638,2023-02-16
Nannopterum auritum,"Juanita Bay Park, Kirkland, WA 98033, USA",47.699704149,-122.2116670851,2023-02-16
Haliaeetus leucocephalus,"Juanita Bay Park, Kirkland, WA 98033, USA",47.6977039586,-122.2127615039,2023-02-16
Aix sponsa,"Juanita Bay Park, Kirkland, WA 98033, USA",47.6999496293,-122.2124502659,2023-02-16
Gallinago delicata,"Juanita Bay Park, Kirkland, WA 98033, USA",47.6980144565,-122.2115491131,2023-02-16
Cistothorus palustris,"Juanita Bay Park, Kirkland, WA 98033, USA",47.6986860066,-122.2104547666,2023-02-16
Charadrius vociferus,"Juanita Bay Park, Kirkland, WA 98033, USA",47.6979494791,-122.2113989074,2023-02-16
Ixoreus naevius,"Juanita Bay, Kirkland, WA, US",47.6978451911,-122.2132372951,2023-02-02
Gallinago delicata,"Juanita Bay, Kirkland, WA, US",47.6974463315,-122.2134649676,2023-02-02
Rallus limicola,"Market, Seattle, WA, US",47.6980817977,-122.2137853342,2023-02-02
Corthylio calendula,"Market, Kirkland, WA 98033, USA",47.7003708836,-122.2101682797,2023-01-10
Aix sponsa,"Kirkland, WA 98033, USA",47.6980388889,-122.2139472222,2023-02-02
Rallus limicola,"Juanita Bay park, Kirkland, WA 98033, USA",47.69838539,-122.2107405942,2023-01-20
Charadrius vociferus,"98th Ave NE, Kirkland, WA, US",47.701375,-122.2103716667,2023-01-15
